DATE,PX_LAST,VOLUME,OPEN_INTEREST
2017-12-18,28731.25,1054.0,215.0
2017-12-19,27377.42,559.0,231.0
2017-12-20,25632.49,784.0,306.0
2017-12-21,23060.21,879.0,407.0
2017-12-22,21262.63,2374.0,489.0
2017-12-25,,,489.0
2017-12-26,23744.65,406.0,491.0
2017-12-27,22097.49,507.0,493.0
2017-12-28,20675.97,746.0,566.0
2017-12-29,21766.56,1078.0,498.0
2018-01-02,22345.69,734.0,596.0
2018-01-03,22526.2,719.0,611.0
2018-01-04,22413.39,760.0,642.0
2018-01-05,24955.58,814.0,671.0
2018-01-08,22420.91,958.0,642.0
2018-01-09,22187.75,863.0,665.0
2018-01-10,21736.47,887.0,690.0
2018-01-11,20134.44,1298.0,727.0
2018-01-12,20976.82,787.0,748.0
2018-01-16,16787.48,2552.0,730.0
2018-01-17,16464.06,2657.0,696.0
2018-01-18,17772.76,1708.0,618.0
2018-01-19,17088.33,979.0,560.0
2018-01-22,15576.55,1137.0,509.0
2018-01-23,16689.7,1241.0,410.0
2018-01-24,16719.78,838.0,283.0
2018-01-25,16915.34,769.0,139.0
2018-01-26,16434.53,141.0,85.0
2018-01-29,16741.79,463.0,867.0
2018-01-30,14898.24,1137.0,849.0
2018-01-31,14988.17,842.0,866.0
2018-02-01,13624.25,1485.0,873.0
2018-02-02,12867.35,2535.0,1010.0
2018-02-05,10881.41,2186.0,1228.0
2018-02-06,11316.07,2234.0,1315.0
2018-02-07,12357.75,1379.0,1402.0
2018-02-08,12477.65,906.0,1364.0
2018-02-09,12904.82,764.0,1277.0
2018-02-12,13279.52,679.0,1170.0
2018-02-13,13039.71,550.0,1104.0
2018-02-14,13924.01,944.0,1159.0
2018-02-15,15123.07,1783.0,940.0
2018-02-16,15018.15,1101.0,877.0
2018-02-19,,,877.0
2018-02-20,17588.62,2080.0,594.0
2018-02-21,15542.74,1326.0,459.0
2018-02-22,15115.57,1168.0,243.0
2018-02-23,15466.94,299.0,168.0
2018-02-26,15933.28,745.0,1441.0
2018-02-27,16570.61,761.0,1469.0
2018-02-28,16547.29,1130.0,1387.0
2018-03-01,17200.17,1345.0,1353.0
2018-03-02,17192.4,748.0,1332.0
2018-03-05,18055.13,990.0,1479.0
2018-03-06,16555.07,1580.0,1449.0
2018-03-07,15218.23,1888.0,1460.0
2018-03-08,14611.98,2524.0,1410.0
2018-03-09,14013.51,2742.0,1436.0
2018-03-12,13850.3,2732.0,1395.0
2018-03-13,14099.01,3375.0,1361.0
2018-03-14,12863.21,2638.0,1268.0
2018-03-15,12801.03,3093.0,1251.0
2018-03-16,13298.46,3065.0,1274.0
2018-03-19,13057.52,2746.0,1246.0
2018-03-20,13904.7,2050.0,1170.0
2018-03-21,13819.21,1829.0,1130.0
2018-03-22,13415.05,2123.0,1039.0
2018-03-23,13391.73,2895.0,1012.0
2018-03-26,12295.83,2433.0,742.0
2018-03-27,12272.51,3738.0,494.0
2018-03-28,12241.42,3252.0,374.0
2018-03-29,11487.37,1097.0,
2018-04-02,10947.06,3539.0,1369.0
2018-04-03,11683.13,2274.0,1489.0
2018-04-04,10743.47,2951.0,1500.0
2018-04-05,10586.86,4565.0,1520.0
2018-04-06,10383.26,2415.0,1503.0
2018-04-09,10453.74,3348.0,1527.0
2018-04-10,10712.15,1882.0,1486.0
2018-04-11,10837.43,1746.0,1582.0
2018-04-12,12027.67,4825.0,1662.0
2018-04-13,12693.27,3045.0,1744.0
2018-04-16,12497.5,3858.0,1676.0
2018-04-17,12348.72,2676.0,1573.0
2018-04-18,12724.59,2826.0,1574.0
2018-04-19,12936.01,2718.0,1507.0
2018-04-20,13374.52,2318.0,1511.0
2018-04-23,13852.18,2952.0,1117.0
2018-04-24,14807.51,4681.0,944.0
2018-04-25,14047.95,10346.0,588.0
2018-04-26,13883.5,4924.0,364.0
2018-04-27,14456.89,911.0,160.0
2018-04-30,14910.65,2999.0,1723.0
2018-05-01,14305.63,3143.0,1654.0
2018-05-02,14568.34,2093.0,1709.0
2018-05-03,15404.23,4177.0,1938.0
2018-05-04,15396.27,3762.0,2060.0
2018-05-07,15022.11,4705.0,2043.0
2018-05-08,14703.67,4435.0,1995.0
2018-05-09,14775.32,3015.0,1964.0
2018-05-10,14472.81,3063.0,2015.0
2018-05-11,13732.45,4980.0,2064.0
2018-05-14,13939.43,5754.0,1984.0
2018-05-15,13621.0,4222.0,1872.0
2018-05-16,13135.39,4978.0,1852.0
2018-05-17,13023.94,2872.0,1698.0
2018-05-18,13103.54,3390.0,1596.0
2018-05-21,13334.41,2701.0,1239.0
2018-05-22,13023.94,2341.0,992.0
2018-05-23,12084.56,4586.0,791.0
2018-05-24,12068.63,4427.0,473.0
2018-05-25,11931.61,971.0,371.0
2018-05-29,12019.82,5052.0,2218.0
2018-05-30,11739.17,2471.0,2211.0
2018-05-31,12100.0,2102.0,2328.0
2018-06-01,11931.61,2197.0,2223.0
2018-06-04,12027.84,1625.0,2290.0
2018-06-05,12228.3,2069.0,2363.0
2018-06-06,12091.98,1450.0,2345.0
2018-06-07,12356.6,1437.0,2460.0
2018-06-08,12276.41,1301.0,2432.0
2018-06-11,10825.05,3861.0,2351.0
2018-06-12,10424.12,3875.0,2305.0
2018-06-13,10055.27,5146.0,2428.0
2018-06-14,10640.62,4461.0,2294.0
2018-06-15,10472.24,2485.0,2348.0
2018-06-18,10736.85,2794.0,2258.0
2018-06-19,10801.0,1563.0,2135.0
2018-06-20,10817.03,2108.0,2123.0
2018-06-21,10760.9,1135.0,2036.0
2018-06-22,9886.88,3832.0,1950.0
2018-06-25,10015.18,4762.0,1420.0
2018-06-26,9878.86,3173.0,1029.0
2018-06-27,9878.86,3229.0,725.0
2018-06-28,9758.58,1962.0,465.0
2018-06-29,9439.25,860.0,306.0
2018-07-02,10662.41,3977.0,1956.0
2018-07-03,10589.99,1627.0,2075.0
2018-07-04,,,2075.0
2018-07-05,10469.28,6739.0,2208.0
2018-07-06,10565.85,2038.0,2253.0
2018-07-09,10775.07,1765.0,2172.0
2018-07-10,10227.87,3084.0,2092.0
2018-07-11,10187.63,2719.0,1998.0
2018-07-12,9914.03,3076.0,2023.0
2018-07-13,9922.08,3558.0,2076.0
2018-07-16,10742.88,3171.0,2168.0
2018-07-17,11756.82,5582.0,2106.0
2018-07-18,11901.67,6956.0,2127.0
2018-07-19,11990.18,4580.0,2156.0
2018-07-20,11813.15,6978.0,2134.0
2018-07-23,12448.87,8545.0,2024.0
2018-07-24,13293.82,11464.0,1433.0
2018-07-25,13108.73,11553.0,943.0
2018-07-26,13317.96,6288.0,566.0
2018-07-27,12642.42,955.0,369.0
2018-07-30,12488.24,8136.0,2312.0
2018-07-31,11917.79,9415.0,2338.0
2018-08-01,11632.57,9125.0,2316.0
2018-08-02,11601.73,5552.0,2069.0
2018-08-03,11362.76,5700.0,2144.0
2018-08-06,10668.97,5117.0,2155.0
2018-08-07,10776.89,5037.0,1993.0
2018-08-08,9759.33,8099.0,2057.0
2018-08-09,9959.76,6827.0,2013.0
2018-08-10,9851.84,6444.0,2017.0
2018-08-13,9605.15,7804.0,2035.0
2018-08-14,9366.18,6904.0,2122.0
2018-08-15,9828.71,6993.0,2117.0
2018-08-16,9874.96,4378.0,2071.0
2018-08-17,9990.59,4288.0,2123.0
2018-08-20,9913.51,2381.0,2075.0
2018-08-21,9905.8,3319.0,2051.0
2018-08-22,9874.96,5379.0,1905.0
2018-08-23,9874.96,3554.0,1886.0
2018-08-24,10198.73,2656.0,1730.0
2018-08-27,10376.03,2398.0,1436.0
2018-08-28,10931.07,5220.0,1063.0
2018-08-29,10792.31,3899.0,533.0
2018-08-30,10507.08,4779.0,283.0
2018-08-31,10677.54,320.0,132.0
2018-09-04,11139.8,5305.0,2227.0
2018-09-05,10457.77,4585.0,2181.0
2018-09-06,9745.43,5796.0,2101.0
2018-09-07,9684.81,2475.0,2218.0
2018-09-10,9495.36,1936.0,2312.0
2018-09-11,9442.31,1857.0,2277.0
2018-09-12,9533.25,1581.0,2328.0
2018-09-13,9753.01,2350.0,2417.0
2018-09-14,9889.42,2085.0,2354.0
2018-09-17,9442.31,2337.0,2283.0
2018-09-18,9510.51,1108.0,2194.0
2018-09-19,9662.07,3037.0,2178.0
2018-09-20,9699.97,1373.0,2098.0
2018-09-21,10215.28,3627.0,2034.0
2018-09-24,10018.25,2081.0,1481.0
2018-09-25,9631.76,3388.0,1262.0
2018-09-26,9828.79,3381.0,907.0
2018-09-27,10086.45,3087.0,571.0
2018-09-28,10075.54,855.0,250.0
2018-10-01,9879.16,1477.0,2033.0
2018-10-02,9833.84,1131.0,2029.0
2018-10-03,9705.44,1356.0,2090.0
2018-10-04,9901.82,1697.0,2172.0
2018-10-05,9864.06,928.0,2221.0
2018-10-08,10015.11,1783.0,2438.0
2018-10-09,9939.58,1004.0,2477.0
2018-10-10,9879.16,1700.0,2500.0
2018-10-11,9335.35,4268.0,2263.0
2018-10-12,9342.91,1908.0,2390.0
2018-10-15,9652.57,6704.0,2322.0
2018-10-16,9697.89,1604.0,2248.0
2018-10-17,9697.89,1189.0,2172.0
2018-10-18,9652.57,2759.0,2149.0
2018-10-19,9637.47,1108.0,2105.0
2018-10-22,9660.13,1752.0,1894.0
2018-10-23,9660.13,1492.0,1736.0
2018-10-24,9705.44,2799.0,1370.0
2018-10-25,9675.23,2486.0,662.0
2018-10-26,9655.13,730.0,400.0
2018-10-29,9428.48,3904.0,2011.0
2018-10-30,9436.04,1992.0,2180.0
2018-10-31,9511.58,3161.0,2056.0
2018-11-01,9541.8,1174.0,2097.0
2018-11-02,9587.13,1647.0,2055.0
2018-11-05,9655.13,2336.0,2105.0
2018-11-06,9692.9,3048.0,2406.0
2018-11-07,9836.44,4263.0,2839.0
2018-11-08,9685.35,4418.0,2787.0
2018-11-09,9572.02,2878.0,2771.0
2018-11-12,9556.91,1997.0,2818.0
2018-11-13,9496.48,2534.0,2923.0
2018-11-14,8106.38,8940.0,2966.0
2018-11-15,8197.04,8633.0,2826.0
2018-11-16,8234.81,3416.0,2988.0
2018-11-19,7305.56,11321.0,2866.0
2018-11-20,6406.53,12827.0,2554.0
2018-11-21,6633.18,6540.0,2351.0
2018-11-23,6330.98,5146.0,2300.0
2018-11-26,5447.06,8901.0,1670.0
2018-11-27,5620.83,6129.0,1491.0
2018-11-28,6497.19,6789.0,1274.0
2018-11-29,6315.87,5112.0,716.0
2018-11-30,5972.88,720.0,398.0
2018-12-03,5775.31,3383.0,2977.0
2018-12-04,5836.1,3059.0,2956.0
2018-12-05,5630.92,2734.0,2963.0
2018-12-06,5471.34,5768.0,3293.0
2018-12-07,5015.4,6081.0,3652.0
2018-12-10,5129.38,1918.0,3550.0
2018-12-11,5045.79,1989.0,3525.0
2018-12-12,5197.78,2665.0,3483.0
2018-12-13,4886.21,3796.0,3613.0
2018-12-14,4779.83,3046.0,3673.0
2018-12-17,5364.96,4114.0,3680.0
2018-12-18,5311.76,3415.0,3419.0
2018-12-19,5615.73,4997.0,3218.0
2018-12-20,5889.29,4834.0,3057.0
2018-12-21,5737.31,5616.0,2289.0
2018-12-24,6185.66,2415.0,1979.0
2018-12-26,5714.51,2751.0,1319.0
2018-12-27,5418.15,3404.0,863.0
2018-12-28,5636.33,640.0,575.0
2018-12-31,5315.92,1961.0,2659.0
2019-01-02,5578.08,3227.0,2874.0
2019-01-03,5476.13,3620.0,3013.0
2019-01-04,5454.28,3919.0,3016.0
2019-01-07,5803.82,2757.0,3111.0
2019-01-08,5803.82,4171.0,3127.0
2019-01-09,5811.1,3683.0,3132.0
2019-01-10,5250.38,5744.0,3610.0
2019-01-11,5294.08,4216.0,3447.0
2019-01-14,5315.92,4387.0,2965.0
2019-01-15,5148.43,3786.0,3149.0
2019-01-16,5184.84,4110.0,3174.0
2019-01-17,5250.38,3564.0,3145.0
2019-01-18,5221.26,2669.0,3048.0
2019-01-22,5213.97,6725.0,2732.0
2019-01-23,5148.43,5040.0,1601.0
2019-01-24,5192.13,2786.0,950.0
2019-01-25,5184.84,491.0,715.0
2019-01-28,4999.94,4345.0,3321.0
2019-01-29,4985.14,2453.0,3366.0
2019-01-30,5044.31,3311.0,3218.0
2019-01-31,5022.12,4066.0,3249.0
2019-02-01,5066.5,4692.0,3233.0
2019-02-04,5022.12,2947.0,3186.0
2019-02-05,5029.52,1566.0,3162.0
2019-02-06,4940.77,3783.0,3339.0
2019-02-07,4940.77,1731.0,3293.0
2019-02-08,5347.56,9872.0,2955.0
2019-02-11,5332.77,5075.0,2378.0
2019-02-12,5332.77,3944.0,2400.0
2019-02-13,5281.0,2811.0,2271.0
2019-02-14,5273.6,2122.0,2214.0
2019-02-15,5273.6,2597.0,2198.0
2019-02-19,5820.93,15944.0,1625.0
2019-02-20,5820.93,5226.0,1002.0
2019-02-21,5761.76,5427.0,384.0
2019-02-22,5814.67,392.0,294.0
2019-02-25,5651.92,5866.0,2847.0
2019-02-26,5585.34,3067.0,2675.0
2019-02-27,5489.17,4843.0,2636.0
2019-02-28,5607.54,6752.0,2515.0
2019-03-01,5651.92,1825.0,2420.0
2019-03-04,5459.58,4577.0,2368.0
2019-03-05,5674.12,4969.0,2436.0
2019-03-06,5681.51,4104.0,2370.0
2019-03-07,5725.9,4092.0,2571.0
2019-03-08,5755.49,3781.0,2551.0
2019-03-11,5674.12,3539.0,2428.0
2019-03-12,5688.91,2961.0,2455.0
2019-03-13,5688.91,2105.0,2496.0
2019-03-14,5688.91,4463.0,2362.0
2019-03-15,5770.29,2938.0,2366.0
2019-03-18,5859.06,2756.0,2343.0
2019-03-19,5910.85,2332.0,2324.0
2019-03-20,5933.04,2560.0,2290.0
2019-03-21,5866.46,3769.0,2186.0
2019-03-22,5888.65,1704.0,2021.0
2019-03-25,5762.89,2410.0,1744.0
2019-03-26,5777.68,1996.0,1317.0
2019-03-27,5925.64,4108.0,699.0
2019-03-28,5933.04,1888.0,445.0
2019-03-29,6035.66,581.0,212.0
2019-04-01,6109.72,1897.0,2550.0
2019-04-02,7072.46,10442.0,2269.0
2019-04-03,7627.89,16115.0,2605.0
2019-04-04,7168.74,21775.0,2430.0
2019-04-05,7435.34,9560.0,2589.0
2019-04-08,7716.76,16170.0,2806.0
2019-04-09,7731.57,8967.0,2736.0
2019-04-10,8020.39,7838.0,2843.0
2019-04-11,7516.81,11268.0,2706.0
2019-04-12,7501.99,7931.0,2682.0
2019-04-15,7420.53,10075.0,2529.0
2019-04-16,7701.95,6800.0,2517.0
2019-04-17,7753.79,6698.0,2496.0
2019-04-18,7842.66,6451.0,2500.0
2019-04-22,7990.77,9800.0,2283.0
2019-04-23,8279.59,10603.0,1819.0
2019-04-24,8050.02,11087.0,1231.0
2019-04-25,8131.48,3535.0,649.0
2019-04-26,7646.17,1289.0,394.0
2019-04-29,7736.48,3421.0,2434.0
2019-04-30,7871.94,4094.0,2495.0
2019-05-01,7977.3,3557.0,2447.0
2019-05-02,8112.77,4551.0,2568.0
2019-05-03,8534.21,13229.0,2692.0
2019-05-06,8647.09,7075.0,2652.0
2019-05-07,8797.61,10086.0,2750.0
2019-05-08,8880.39,7023.0,2740.0
2019-05-09,9128.74,6973.0,2888.0
2019-05-10,9580.29,9795.0,2691.0
2019-05-13,11965.95,31433.0,2982.0
2019-05-14,11710.08,26372.0,2654.0
2019-05-15,12379.87,13408.0,2740.0
2019-05-16,11853.07,19966.0,2788.0
2019-05-17,10806.99,15465.0,2704.0
2019-05-20,11815.44,15195.0,2805.0
2019-05-21,12116.47,7778.0,2798.0
2019-05-22,11965.95,10834.0,2710.0
2019-05-23,11755.23,10992.0,2716.0
2019-05-24,12169.15,12003.0,2717.0
2019-05-28,13102.34,18551.0,2197.0
2019-05-29,13079.76,11721.0,1312.0
2019-05-30,12974.4,11446.0,544.0
2019-05-31,12664.61,725.0,354.0
2019-06-03,12820.42,4641.0,3531.0
2019-06-04,11314.31,11780.0,3394.0
2019-06-05,11625.92,2851.0,3383.0
2019-06-06,11292.06,4391.0,3139.0
2019-06-07,11885.59,2925.0,3319.0
2019-06-10,11885.59,3256.0,3171.0
2019-06-11,11752.05,2537.0,3084.0
2019-06-12,12160.11,3930.0,3240.0
2019-06-13,12293.65,2079.0,3278.0
2019-06-14,12523.65,2084.0,3164.0
2019-06-17,13918.46,6926.0,3495.0
2019-06-18,13525.24,6733.0,3263.0
2019-06-19,13666.21,2222.0,3259.0
2019-06-20,14282.0,5347.0,3516.0
2019-06-21,14808.77,6905.0,3572.0
2019-06-24,16240.68,9902.0,3096.0
2019-06-25,16886.15,10348.0,2366.0
2019-06-26,20603.18,21334.0,1739.0
2019-06-27,16107.13,23272.0,534.0
2019-06-28,17455.64,385.0,377.0
2019-07-01,14384.61,9774.0,4222.0
2019-07-02,15237.29,6869.0,4268.0
2019-07-03,15764.14,6772.0,4103.0
2019-07-05,15646.29,8761.0,4072.0
2019-07-08,17254.6,3934.0,4287.0
2019-07-09,17691.34,6427.0,4406.0
2019-07-10,17011.97,10622.0,4147.0
2019-07-11,16263.27,9616.0,4067.0
2019-07-12,16263.27,3357.0,4003.0
2019-07-15,15126.37,7597.0,3972.0
2019-07-16,13490.34,8513.0,3853.0
2019-07-17,13580.46,8039.0,3861.0
2019-07-18,14627.24,8514.0,3760.0
2019-07-19,14502.46,4699.0,3565.0
2019-07-22,14065.72,5223.0,3153.0
2019-07-23,14072.65,3685.0,2563.0
2019-07-24,13365.55,5616.0,1748.0
2019-07-25,13677.51,3895.0,1073.0
2019-07-26,13536.76,919.0,497.0
2019-07-29,12874.78,3073.0,2535.0
2019-07-30,13151.73,2380.0,2766.0
2019-07-31,13665.1,2198.0,2929.0
2019-08-01,14117.67,1880.0,3088.0
2019-08-02,14320.32,2699.0,3036.0
2019-08-05,16090.1,4071.0,3128.0
2019-08-06,15982.02,3814.0,3025.0
2019-08-07,16056.32,5017.0,3087.0
2019-08-08,15792.88,2431.0,3019.0
2019-08-09,16137.38,3517.0,3184.0
2019-08-12,15617.25,1834.0,3212.0
2019-08-13,14786.41,4145.0,3065.0
2019-08-14,13725.89,6021.0,2966.0
2019-08-15,13685.36,7407.0,2790.0
2019-08-16,14205.49,5247.0,2742.0
2019-08-19,14516.21,2653.0,2765.0
2019-08-20,14556.74,2558.0,2772.0
2019-08-21,13665.1,5034.0,2542.0
2019-08-22,13759.67,3956.0,2479.0
2019-08-23,14131.18,3319.0,2576.0
2019-08-26,13955.56,4193.0,2294.0
2019-08-27,13732.65,3663.0,1736.0
2019-08-28,13030.14,5694.0,1025.0
2019-08-29,12841.0,4154.0,392.0
2019-08-30,12947.68,357.0,257.0
2019-09-03,14490.66,7222.0,3768.0
2019-09-04,14537.62,3701.0,3682.0
2019-09-05,14255.86,3606.0,3482.0
2019-09-06,14034.48,6764.0,3612.0
2019-09-09,13913.72,3966.0,3477.0
2019-09-10,13497.79,3400.0,3294.0
2019-09-11,13585.0,3528.0,3197.0
2019-09-12,13967.39,3099.0,3513.0
2019-09-13,13772.84,2876.0,3310.0
2019-09-16,13598.41,2313.0,3232.0
2019-09-17,13826.51,1583.0,3182.0
2019-09-18,13692.34,1581.0,3236.0
2019-09-19,13625.25,4344.0,3015.0
2019-09-20,13658.79,2400.0,3014.0
2019-09-23,13155.64,4645.0,2338.0
2019-09-24,11243.68,10527.0,1909.0
2019-09-25,11203.43,5824.0,1172.0
2019-09-26,10928.38,5369.0,426.0
2019-09-27,10739.81,447.0,257.0
2019-09-30,11140.8,4976.0,2142.0
2019-10-01,11127.43,3539.0,2142.0
2019-10-02,11053.92,1861.0,2147.0
2019-10-03,10906.89,2581.0,2289.0
2019-10-04,10993.77,1994.0,2180.0
2019-10-07,11033.87,5782.0,2144.0
2019-10-08,10920.25,2275.0,2126.0
2019-10-09,11555.15,4716.0,2560.0
2019-10-10,11488.32,2716.0,2457.0
2019-10-11,11167.53,4134.0,2205.0
2019-10-14,11167.53,1774.0,2184.0
2019-10-15,10920.25,2752.0,2206.0
2019-10-16,10626.2,3685.0,2472.0
2019-10-17,10773.23,2582.0,1955.0
2019-10-18,10639.56,3414.0,1850.0
2019-10-21,10967.04,3642.0,1567.0
2019-10-22,10913.57,2446.0,1321.0
2019-10-23,9991.3,5767.0,1442.0
2019-10-24,10011.35,3210.0,471.0
2019-10-25,10263.29,560.0,251.0
2019-10-28,11223.08,6474.0,1707.0
2019-10-29,10969.88,3035.0,1835.0
2019-10-30,10916.89,3553.0,1964.0
2019-10-31,10958.11,2086.0,1966.0
2019-11-01,10875.67,2641.0,1912.0
2019-11-04,11264.3,3453.0,2294.0
2019-11-05,11093.54,2875.0,2084.0
2019-11-06,11022.88,1366.0,2026.0
2019-11-07,10858.01,3323.0,2001.0
2019-11-08,10416.38,5487.0,1801.0
2019-11-11,10304.51,3623.0,1698.0
2019-11-12,10404.61,3545.0,1666.0
2019-11-13,10345.72,2121.0,1684.0
2019-11-14,10216.18,2337.0,1742.0
2019-11-15,10015.98,4095.0,1562.0
2019-11-18,9662.68,4004.0,1648.0
2019-11-19,9550.81,3007.0,1556.0
2019-11-20,9550.81,3885.0,1543.0
2019-11-21,8926.65,5630.0,1506.0
2019-11-22,8632.23,9941.0,1367.0
2019-11-25,8437.92,10022.0,1332.0
2019-11-26,8379.04,5897.0,1181.0
2019-11-27,8914.87,8583.0,852.0
2019-11-29,9157.1,2447.0,654.0
2019-12-02,8611.2,4334.0,2558.0
2019-12-03,8617.07,1711.0,2536.0
2019-12-04,8476.19,8673.0,2563.0
2019-12-05,8710.99,4442.0,2450.0
2019-12-06,8757.95,3514.0,2495.0
2019-12-09,8593.59,3527.0,2606.0
2019-12-10,8470.32,3362.0,2699.0
2019-12-11,8423.36,2979.0,2636.0
2019-12-12,8529.02,4522.0,2562.0
2019-12-13,8529.02,3653.0,2496.0
2019-12-16,8053.55,7720.0,2524.0
2019-12-17,7724.84,5979.0,2833.0
2019-12-18,8376.4,11821.0,2113.0
2019-12-19,8411.62,4596.0,2048.0
2019-12-20,8487.93,2478.0,1977.0
2019-12-23,8699.25,7852.0,1680.0
2019-12-24,8493.8,3521.0,1405.0
2019-12-26,8511.41,4302.0,763.0
2019-12-27,8457.19,614.0,460.0
2019-12-30,8480.48,3115.0,2140.0
2019-12-31,8393.17,2953.0,2214.0
2020-01-02,8078.86,4754.0,2643.0
2020-01-03,8596.89,8657.0,2655.0
2020-01-06,8864.63,6104.0,2996.0
2020-01-07,9638.76,11526.0,3885.0
2020-01-08,9440.86,16332.0,3578.0
2020-01-09,9178.94,10399.0,3400.0
2020-01-10,9469.96,13111.0,3622.0
2020-01-13,9545.63,3206.0,3407.0
2020-01-14,10185.88,13502.0,3683.0
2020-01-15,10337.22,7019.0,3471.0
2020-01-16,10232.45,5818.0,3264.0
2020-01-17,10389.6,6895.0,3344.0
2020-01-21,10185.88,7456.0,3156.0
2020-01-22,10104.4,4717.0,3003.0
2020-01-23,9743.53,13847.0,2387.0
2020-01-24,9889.04,9837.0,2257.0
2020-01-27,10471.09,13131.0,2563.0
2020-01-28,10546.76,15878.0,2095.0
2020-01-29,10930.91,12121.0,1991.0
2020-01-30,11122.99,15041.0,892.0
2020-01-31,10800.1,1066.0,535.0
2020-02-03,10765.78,8918.0,2660.0
2020-02-04,10588.44,8189.0,2858.0
2020-02-05,11246.29,14307.0,3619.0
2020-02-06,11320.65,12014.0,3650.0
2020-02-07,11263.45,8523.0,3538.0
2020-02-10,11366.42,6779.0,3485.0
2020-02-11,11904.13,15832.0,4123.0
2020-02-12,12041.42,13010.0,3945.0
2020-02-13,11789.73,16242.0,3908.0
2020-02-14,12007.1,8771.0,4180.0
2020-02-18,11726.8,20878.0,4060.0
2020-02-19,11698.2,9019.0,4023.0
2020-02-20,11000.31,3918.0,3672.0
2020-02-21,11143.32,2125.0,3665.0
2020-02-24,10983.15,7379.0,2475.0
2020-02-25,10662.81,4061.0,1887.0
2020-02-26,10045.01,7637.0,1277.0
2020-02-27,10170.86,3897.0,527.0
2020-02-28,9911.14,626.0,327.0
2020-03-02,10224.42,2157.0,3932.0
2020-03-03,9990.88,2956.0,3848.0
2020-03-04,9979.49,1842.0,3788.0
2020-03-05,10475.05,3734.0,3769.0
2020-03-06,10440.87,1827.0,3731.0
2020-03-09,8942.81,9510.0,3666.0
2020-03-10,9107.99,5067.0,3175.0
2020-03-11,8948.51,3910.0,3078.0
2020-03-12,6846.66,16034.0,3200.0
2020-03-13,6072.0,15531.0,3366.0
2020-03-16,5616.31,14879.0,3098.0
2020-03-17,6128.96,6875.0,2877.0
2020-03-18,6083.39,8746.0,2635.0
2020-03-19,7108.68,8961.0,2399.0
2020-03-20,7074.5,6787.0,1791.0
2020-03-23,7177.03,8329.0,1535.0
2020-03-24,7661.2,7837.0,1399.0
2020-03-25,7552.97,5175.0,1054.0
2020-03-26,7604.24,3497.0,531.0
2020-03-27,7573.89,464.0,328.0
2020-03-30,7233.74,4341.0,2509.0
2020-03-31,7341.46,2305.0,2576.0
2020-04-01,7040.99,2656.0,2906.0
2020-04-02,7783.64,9591.0,3550.0
2020-04-03,7709.95,3943.0,3419.0
2020-04-06,8310.87,10939.0,3564.0
2020-04-07,8310.87,7749.0,3609.0
2020-04-08,8316.54,3066.0,3132.0
2020-04-09,8265.51,2793.0,3058.0
2020-04-13,7721.28,5395.0,3148.0
2020-04-14,7880.02,2232.0,3339.0
2020-04-15,7641.92,2144.0,3293.0
2020-04-16,8055.76,6364.0,3640.0
2020-04-17,8027.41,1863.0,3600.0
2020-04-20,7704.28,4302.0,3445.0
2020-04-21,7811.99,2879.0,3071.0
2020-04-22,8067.1,3504.0,2699.0
2020-04-23,8548.97,8039.0,1159.0
2020-04-24,8459.24,1124.0,668.0
2020-04-27,8665.29,2872.0,3783.0
2020-04-28,8665.29,1762.0,3953.0
2020-04-29,9829.2,9729.0,4496.0
2020-04-30,9946.15,10524.0,4291.0
2020-05-01,9845.91,5127.0,5225.0
2020-05-04,9951.72,3992.0,5063.0
2020-05-05,10007.41,4675.0,5084.0
2020-05-06,10402.8,6330.0,5777.0
2020-05-07,11149.04,12108.0,6492.0
2020-05-08,11171.32,6747.0,6234.0
2020-05-11,9795.79,19225.0,5633.0
2020-05-12,9879.32,6912.0,6322.0
2020-05-13,10324.84,5001.0,6873.0
2020-05-14,10831.61,8874.0,6981.0
2020-05-15,10464.06,7857.0,6671.0
2020-05-18,10853.89,7691.0,6689.0
2020-05-19,10781.49,6700.0,6668.0
2020-05-20,10658.97,6276.0,6364.0
2020-05-21,10107.65,8797.0,5236.0
2020-05-22,10219.03,4564.0,4694.0
2020-05-26,9784.65,8287.0,3473.0
2020-05-27,10213.46,5653.0,2551.0
2020-05-28,10525.32,6137.0,654.0
2020-05-29,10518.0,520.0,494.0
2020-06-01,10717.92,3656.0,7233.0
2020-06-02,10640.18,14048.0,7115.0
2020-06-03,10723.48,3179.0,7202.0
2020-06-04,10990.03,4328.0,7472.0
2020-06-05,10884.52,4508.0,7617.0
2020-06-08,10862.31,3757.0,7699.0
2020-06-09,10890.08,4291.0,7599.0
2020-06-10,11034.46,7010.0,8025.0
2020-06-11,10329.19,10869.0,6831.0
2020-06-12,10512.45,3848.0,6664.0
2020-06-15,10484.68,5850.0,6321.0
2020-06-16,10584.64,3436.0,6334.0
2020-06-17,10356.96,3206.0,5843.0
2020-06-18,10451.36,2135.0,5853.0
2020-06-19,10345.85,3481.0,5821.0
2020-06-22,10645.73,5062.0,5708.0
2020-06-23,10729.03,3811.0,4605.0
2020-06-24,10312.53,8255.0,2182.0
2020-06-25,10306.98,5012.0,835.0
2020-06-26,10089.51,1005.0,504.0
2020-06-29,10067.62,2742.0,5032.0
2020-06-30,10051.21,2856.0,5081.0
2020-07-01,10204.41,4789.0,5473.0
2020-07-02,9914.42,6562.0,5209.0
2020-07-06,10237.24,6890.0,5320.0
2020-07-07,10166.11,2975.0,5166.0
2020-07-08,10406.86,5163.0,5835.0
2020-07-09,10127.81,5931.0,5136.0
2020-07-10,10149.69,2296.0,4906.0
2020-07-13,10144.22,2844.0,5061.0
2020-07-14,10187.99,2869.0,5051.0
2020-07-15,10056.68,2330.0,5010.0
2020-07-16,10007.43,3344.0,4768.0
2020-07-17,10062.15,1674.0,4627.0
2020-07-20,10056.68,2432.0,4590.0
2020-07-21,10281.01,5408.0,5367.0
2020-07-22,10313.84,3117.0,5396.0
2020-07-23,10560.06,6653.0,5718.0
2020-07-24,10521.76,3110.0,5363.0
2020-07-27,11922.47,16157.0,5638.0
2020-07-28,12075.67,15293.0,4734.0
2020-07-29,12300.01,9081.0,3409.0
2020-07-30,12196.05,7340.0,1786.0
2020-07-31,12264.45,1457.0,1344.0
2020-08-03,12275.02,5333.0,10112.0
2020-08-04,12010.92,6915.0,9590.0
2020-08-05,12517.98,11366.0,10430.0
2020-08-06,12718.69,4902.0,10475.0
2020-08-07,12227.48,10007.0,9372.0
2020-08-10,12692.28,9860.0,10047.0
2020-08-11,12079.59,10291.0,8847.0
2020-08-12,12322.55,6069.0,9257.0
2020-08-13,12243.33,5062.0,8965.0
2020-08-14,12607.77,9980.0,9673.0
2020-08-17,13188.78,8883.0,10186.0
2020-08-18,12713.41,10621.0,8995.0
2020-08-19,12348.96,10164.0,7625.0
2020-08-20,12565.52,4860.0,7659.0
2020-08-21,12354.24,9663.0,6846.0
2020-08-24,12433.47,7416.0,6119.0
2020-08-25,11947.54,12762.0,4727.0
2020-08-26,12127.12,6639.0,3821.0
2020-08-27,11905.29,9007.0,2217.0
2020-08-28,12094.44,1655.0,1494.0
2020-08-31,12307.63,4865.0,8266.0
2020-09-01,12557.21,8919.0,8739.0
2020-09-02,11917.65,17210.0,7528.0
2020-09-03,11148.1,15412.0,6589.0
2020-09-04,11044.11,15668.0,6348.0
2020-09-08,10414.95,14549.0,5966.0
2020-09-09,10732.13,5218.0,5947.0
2020-09-10,10726.93,7860.0,7063.0
2020-09-11,10752.92,4819.0,6472.0
2020-09-14,11132.5,6525.0,7058.0
2020-09-15,11246.89,4052.0,6775.0
2020-09-16,11454.88,7056.0,6894.0
2020-09-17,11387.29,7179.0,6430.0
2020-09-18,11314.49,4499.0,6380.0
2020-09-21,10903.72,12875.0,5595.0
2020-09-22,10914.11,4081.0,4946.0
2020-09-23,10690.53,7721.0,3021.0
2020-09-24,11096.1,8985.0,1856.0
2020-09-25,11030.35,1056.0,1528.0
2020-09-28,11167.91,4100.0,5611.0
2020-09-29,11020.16,4764.0,5270.0
2020-09-30,10974.3,5671.0,5426.0
2020-10-01,10846.93,11708.0,5041.0
2020-10-02,10750.13,5867.0,4485.0
2020-10-05,11020.16,4462.0,5254.0
2020-10-06,10831.65,4093.0,5393.0
2020-10-07,10923.36,2260.0,5467.0
2020-10-08,11162.81,5066.0,6188.0
2020-10-09,11320.75,3469.0,6312.0
2020-10-12,11850.62,6338.0,7285.0
2020-10-13,11657.01,4170.0,6843.0
2020-10-14,11626.45,3466.0,6950.0
2020-10-15,11814.95,3418.0,7108.0
2020-10-16,11575.5,5373.0,6475.0
2020-10-19,11977.99,6876.0,7925.0
2020-10-20,12197.07,4060.0,8105.0
2020-10-21,12996.96,10223.0,8699.0
2020-10-22,13404.55,7369.0,8351.0
2020-10-23,13216.04,3793.0,7928.0
2020-10-26,13292.46,6031.0,7298.0
2020-10-27,13944.6,9034.0,5332.0
2020-10-28,13424.93,10745.0,3257.0
2020-10-29,13761.19,6884.0,1637.0
2020-10-30,13734.32,625.0,1349.0
2020-11-02,13789.31,5042.0,8394.0
2020-11-03,13844.31,3731.0,8523.0
2020-11-04,14199.29,9531.0,8591.0
2020-11-05,15259.24,7463.0,8937.0
2020-11-06,15629.22,8143.0,8722.0
2020-11-09,15449.23,12353.0,7901.0
2020-11-10,15354.24,5971.0,7721.0
2020-11-11,15804.21,6198.0,7975.0
2020-11-12,16239.19,6412.0,7781.0
2020-11-13,16269.19,4062.0,7442.0
2020-11-16,16894.16,5400.0,7626.0
2020-11-17,17729.12,9408.0,7244.0
2020-11-18,17684.12,12925.0,6166.0
2020-11-19,18094.1,6743.0,6047.0
2020-11-20,18684.07,9867.0,5800.0
2020-11-23,18409.08,12524.0,5167.0
2020-11-24,19109.05,14152.0,3899.0
2020-11-25,18914.06,12217.0,2361.0
2020-11-27,16626.7,7857.0,1176.0
2020-11-30,19382.27,12034.0,8766.0
2020-12-01,18935.29,13563.0,8719.0
2020-12-02,18954.93,7994.0,8610.0
2020-12-03,19220.17,7203.0,8542.0
2020-12-04,18763.37,7567.0,8415.0
2020-12-07,18832.14,5213.0,8541.0
2020-12-08,18493.22,7325.0,8330.0
2020-12-09,18095.35,6752.0,7596.0
2020-12-10,18115.0,6953.0,7215.0
2020-12-11,17702.4,6058.0,6946.0
2020-12-14,18930.37,6124.0,7153.0
2020-12-15,19215.26,5817.0,7259.0
2020-12-16,20561.12,12919.0,6665.0
2020-12-17,22466.92,16832.0,6250.0
2020-12-18,22457.1,7105.0,6178.0
2020-12-21,22476.75,12956.0,5068.0
2020-12-22,23031.79,11075.0,3001.0
2020-12-23,23095.65,6882.0,1819.0
2020-12-24,22787.9,979.0,1662.0
2020-12-28,26083.17,17470.0,7837.0
2020-12-29,26179.38,7633.0,7752.0
2020-12-30,28050.71,13789.0,8017.0
2020-12-31,28272.0,5529.0,7775.0
2021-01-04,30355.0,14997.0,8098.0
2021-01-05,33207.69,8153.0,8231.0
2021-01-06,35180.05,19469.0,8072.0
2021-01-07,38124.15,16834.0,8035.0
2021-01-08,38023.12,15379.0,7784.0
2021-01-11,32500.53,22205.0,8554.0
2021-01-12,33193.26,14576.0,8355.0
2021-01-13,34997.24,9785.0,8243.0
2021-01-14,38104.9,10507.0,7930.0
2021-01-15,34275.65,14051.0,7868.0
2021-01-19,35208.91,14757.0,7669.0
2021-01-20,33708.0,9615.0,7059.0
2021-01-21,30710.98,13373.0,6620.0
2021-01-22,32308.11,12897.0,5540.0
2021-01-25,32173.41,8771.0,4982.0
2021-01-26,30739.85,8494.0,4253.0
2021-01-27,30282.84,13653.0,3317.0
2021-01-28,31413.33,7271.0,1652.0
2021-01-29,35831.69,2698.0,1117.0
2021-02-01,34952.74,6290.0,6056.0
2021-02-02,37183.54,5830.0,6074.0
2021-02-03,38437.73,4813.0,6479.0
2021-02-04,38977.44,6039.0,6577.0
2021-02-05,39080.24,4767.0,6825.0
2021-02-08,46009.11,14369.0,7628.0
2021-02-09,49103.45,11114.0,7394.0
2021-02-10,46173.59,9743.0,7254.0
2021-02-11,48856.73,9072.0,7495.0
2021-02-12,49386.16,7532.0,7465.0
2021-02-16,50295.96,15414.0,7188.0
2021-02-17,54264.12,9780.0,7287.0
2021-02-18,53806.65,8340.0,6989.0
2021-02-19,57086.04,11457.0,6748.0
2021-02-22,55225.32,18519.0,5646.0
2021-02-23,48995.51,18212.0,4301.0
2021-02-24,50511.84,8076.0,3458.0
2021-02-25,50496.42,7065.0,2314.0
2021-02-26,48318.69,753.0,2134.0
2021-03-01,50973.22,7199.0,6745.0
2021-03-02,49878.03,5993.0,6554.0
2021-03-03,53090.59,6344.0,6719.0
2021-03-04,50389.12,11795.0,6570.0
2021-03-05,51687.7,8929.0,6164.0
2021-03-08,54389.17,7528.0,6507.0
2021-03-09,57074.99,5572.0,6853.0
2021-03-10,59056.76,7098.0,6864.0
2021-03-11,60449.21,7793.0,6683.0
2021-03-12,59531.34,7966.0,6750.0
2021-03-15,59348.81,10372.0,6507.0
2021-03-16,58316.2,7097.0,6269.0
2021-03-17,60475.29,7704.0,6033.0
2021-03-18,59833.82,9656.0,5625.0
2021-03-19,61513.11,6553.0,5469.0
2021-03-22,57998.08,7201.0,4703.0
2021-03-23,57351.39,8663.0,3769.0
2021-03-24,56996.76,8667.0,2431.0
2021-03-25,54441.32,11144.0,1242.0
2021-03-26,55642.2,743.0,882.0
2021-03-29,59913.66,7078.0,6444.0
2021-03-30,61452.41,4634.0,6527.0
2021-03-31,61020.12,6924.0,7039.0
2021-04-01,61359.78,4326.0,7122.0
2021-04-02,61359.78,2179.0,7161.0
2021-04-05,61591.37,5908.0,6994.0
2021-04-06,60454.03,5272.0,6809.0
2021-04-07,57958.05,11417.0,6144.0
2021-04-08,59857.05,4605.0,6030.0
2021-04-09,60479.76,3954.0,6091.0
2021-04-12,62317.0,6628.0,6448.0
2021-04-13,65548.9,7145.0,6543.0
2021-04-14,64226.29,8430.0,6214.0
2021-04-15,65708.44,4886.0,6303.0
2021-04-16,63794.0,6631.0,6091.0
2021-04-19,57685.3,10366.0,5692.0
2021-04-20,58374.91,9193.0,5384.0
2021-04-21,57237.56,5859.0,5300.0
2021-04-22,54407.08,13161.0,4860.0
2021-04-23,52333.11,10381.0,4256.0
2021-04-26,55652.49,8341.0,3589.0
2021-04-27,56393.57,5136.0,2602.0
2021-04-28,57031.71,6400.0,1541.0
2021-04-29,54448.25,5604.0,1068.0
2021-04-30,57770.2,1007.0,640.0
2021-05-03,58223.77,5621.0,5960.0
2021-05-04,54947.96,8065.0,6228.0
2021-05-05,57750.04,6056.0,5966.0
2021-05-06,56626.19,5933.0,5902.0
2021-05-07,58218.73,4969.0,5813.0
2021-05-10,56147.41,7951.0,5897.0
2021-05-11,57256.15,5353.0,5966.0
2021-05-12,54877.41,8665.0,6161.0
2021-05-13,48749.12,14808.0,6191.0
2021-05-14,50588.61,5432.0,6021.0
2021-05-17,44409.93,11148.0,6080.0
2021-05-18,43492.7,8310.0,6443.0
2021-05-19,39652.44,26734.0,6340.0
2021-05-20,40640.22,13391.0,6364.0
2021-05-21,36371.59,12908.0,6000.0
2021-05-24,40065.7,10870.0,5548.0
2021-05-25,37626.48,8766.0,4554.0
2021-05-26,38851.13,9284.0,2893.0
2021-05-27,39153.51,6239.0,1730.0
2021-05-28,37133.95,523.0,1529.0
2021-06-01,37304.98,8098.0,5908.0
2021-06-02,39429.88,4028.0,5822.0
2021-06-03,40129.54,4312.0,5738.0
2021-06-04,38305.23,8164.0,6107.0
2021-06-07,36947.37,6680.0,5656.0
2021-06-08,34112.44,11212.0,6054.0
2021-06-09,37704.04,8450.0,5813.0
2021-06-10,38030.55,6676.0,6006.0
2021-06-11,38688.75,3333.0,5978.0
2021-06-14,41160.89,5935.0,5669.0
2021-06-15,41456.31,4180.0,5612.0
2021-06-16,39974.06,6334.0,5805.0
2021-06-17,39041.18,5646.0,5765.0
2021-06-18,36574.22,5719.0,5915.0
2021-06-21,33749.65,9302.0,5235.0
2021-06-22,33666.73,14889.0,3544.0
2021-06-23,34102.08,7184.0,2517.0
2021-06-24,36076.68,6210.0,1270.0
2021-06-25,34288.03,544.0,1306.0
2021-06-28,36763.8,5519.0,5667.0
2021-06-29,38792.33,4838.0,5631.0
2021-06-30,36976.77,3880.0,5616.0
2021-07-01,35171.85,4607.0,5769.0
2021-07-02,35443.39,3489.0,5682.0
2021-07-06,36178.13,6997.0,5638.0
2021-07-07,36950.14,3868.0,5480.0
2021-07-08,35097.31,5747.0,5850.0
2021-07-09,35624.41,2662.0,5575.0
2021-07-12,34884.34,3826.0,5696.0
2021-07-13,34304.0,3084.0,5746.0
2021-07-14,34863.05,3546.0,5612.0
2021-07-15,33446.8,6733.0,6651.0
2021-07-16,33995.2,4090.0,6224.0
2021-07-19,32680.11,3945.0,6447.0
2021-07-20,31641.89,4343.0,6472.0
2021-07-21,33670.42,9993.0,5964.0
2021-07-22,34516.97,3232.0,5900.0
2021-07-23,34362.57,2498.0,5708.0
2021-07-26,42040.11,17245.0,4449.0
2021-07-27,40347.0,7578.0,3748.0
2021-07-28,42987.82,10480.0,2291.0
2021-07-29,42247.75,6100.0,1078.0
2021-07-30,41551.26,409.0,907.0
2021-08-02,40745.29,4781.0,4717.0
2021-08-03,39481.75,5443.0,4885.0
2021-08-04,41431.66,3669.0,4952.0
2021-08-05,42383.22,6706.0,5027.0
2021-08-06,44686.71,6634.0,4936.0
2021-08-09,47884.56,7172.0,5042.0
2021-08-10,47312.59,5332.0,5020.0
2021-08-11,48310.94,3447.0,5027.0
2021-08-12,46132.24,5190.0,5394.0
2021-08-13,48362.94,3796.0,5368.0
2021-08-16,47936.56,4125.0,5448.0
2021-08-17,47338.59,4393.0,5442.0
2021-08-18,46647.02,5149.0,5225.0
2021-08-19,48565.73,6208.0,5221.0
2021-08-20,50676.83,5402.0,4654.0
2021-08-23,51248.8,5956.0,4117.0
2021-08-24,50136.06,5776.0,3686.0
2021-08-25,50650.83,6128.0,2844.0
2021-08-26,48815.32,6139.0,1604.0
2021-08-27,49867.77,1073.0,1329.0
2021-08-30,50186.81,3419.0,5273.0
2021-08-31,48771.72,4056.0,5337.0
2021-09-01,49728.83,4280.0,5513.0
2021-09-02,50814.59,4772.0,5587.0
2021-09-03,52188.52,5123.0,5573.0
2021-09-07,48143.93,13967.0,5398.0
2021-09-08,47876.35,5680.0,4995.0
2021-09-09,48005.0,4052.0,4907.0
2021-09-10,47006.71,4853.0,4839.0
2021-09-13,46121.64,7363.0,4791.0
2021-09-14,47871.21,3802.0,4983.0
2021-09-15,49595.04,3080.0,5001.0
2021-09-16,48879.78,4538.0,4852.0
2021-09-17,48874.63,3893.0,4876.0
2021-09-20,45056.46,8330.0,4659.0
2021-09-21,43255.44,8523.0,3763.0
2021-09-22,44649.95,7828.0,2359.0
2021-09-23,46090.77,5357.0,1603.0
2021-09-24,43594.45,1101.0,1629.0
2021-09-27,44240.37,5221.0,5209.0
2021-09-28,42651.21,4666.0,5144.0
2021-09-29,42194.96,3694.0,5339.0
2021-09-30,44717.12,4869.0,5343.0
2021-10-01,49612.79,9404.0,5887.0
2021-10-04,51114.81,5865.0,5910.0
2021-10-05,52934.66,8408.0,5761.0
2021-10-06,57107.5,9662.0,6295.0
2021-10-07,55846.42,5323.0,6349.0
2021-10-08,56574.36,5063.0,6308.0
2021-10-11,59455.37,5686.0,6158.0
2021-10-12,57225.41,6691.0,6353.0
2021-10-13,59209.31,6939.0,6537.0
2021-10-14,59665.55,6318.0,6351.0
2021-10-15,63643.6,11665.0,6709.0
2021-10-18,63207.86,10019.0,6414.0
2021-10-19,66293.92,15283.0,7660.0
2021-10-20,68349.58,15201.0,8182.0
2021-10-21,64499.7,15609.0,7561.0
2021-10-22,62623.45,10125.0,7452.0
2021-10-25,64310.02,7184.0,7174.0
2021-10-26,63541.07,7404.0,5825.0
2021-10-27,60557.54,12927.0,3530.0
2021-10-28,62884.9,9715.0,2212.0
2021-10-29,62694.46,637.0,1864.0
2021-11-01,61306.45,4979.0,9452.0
2021-11-02,63694.43,5238.0,9727.0
2021-11-03,62749.19,5495.0,9508.0
2021-11-04,61052.73,5009.0,9228.0
2021-11-05,61072.63,3534.0,9191.0
2021-11-08,66152.06,6018.0,9440.0
2021-11-09,67286.35,5457.0,9437.0
2021-11-10,65744.12,7709.0,9322.0
2021-11-11,64729.22,3912.0,9221.0
2021-11-12,63913.33,6895.0,9072.0
2021-11-15,63589.96,5438.0,9135.0
2021-11-16,59430.89,9161.0,8924.0
2021-11-17,60182.11,6300.0,9155.0
2021-11-18,57724.48,9180.0,8843.0
2021-11-19,57610.05,8253.0,7895.0
2021-11-22,55535.49,11800.0,6249.0
2021-11-23,57565.28,9700.0,4256.0
2021-11-24,57127.48,10085.0,2565.0
2021-11-26,54192.9,2821.0,2039.0
2021-11-29,58215.3,5946.0,10232.0
2021-11-30,57528.31,7792.0,10185.0
2021-12-01,56741.75,6552.0,9621.0
2021-12-02,56925.94,5835.0,9625.0
2021-12-03,53311.76,11175.0,9719.0
2021-12-06,48746.73,9344.0,9472.0
2021-12-07,50379.59,4985.0,9550.0
2021-12-08,50703.17,4851.0,9263.0
2021-12-09,47467.33,5159.0,9581.0
2021-12-10,48278.78,6036.0,9517.0
2021-12-13,46392.03,6827.0,9416.0
2021-12-14,47661.48,5871.0,9354.0
2021-12-15,49135.03,8301.0,9000.0
2021-12-16,47800.87,5529.0,8830.0
2021-12-17,46048.53,4533.0,8697.0
2021-12-20,46855.01,4303.0,8394.0
2021-12-21,48472.93,3998.0,8087.0
2021-12-22,48831.36,2811.0,7918.0
2021-12-23,50837.58,4756.0,7609.0
2021-12-27,51051.65,5511.0,6077.0
2021-12-28,47546.98,7868.0,4776.0
2021-12-29,47163.66,6913.0,2928.0
2021-12-30,46964.53,6480.0,1722.0
2021-12-31,47768.04,491.0,1373.0
2022-01-03,47820.17,4161.0,8101.0
2022-01-04,48278.93,5049.0,8021.0
2022-01-05,45698.42,8922.0,8762.0
2022-01-06,45057.21,5222.0,8632.0
2022-01-07,43654.87,9276.0,8765.0
2022-01-10,43524.54,8665.0,8728.0
2022-01-11,44629.73,6191.0,8282.0
2022-01-12,45693.21,4068.0,8228.0
2022-01-13,44494.19,4068.0,8383.0
2022-01-14,44958.16,4202.0,8352.0
2022-01-18,43441.13,6821.0,8528.0
2022-01-19,43347.29,6542.0,8443.0
2022-01-20,44494.19,7229.0,8219.0
2022-01-21,39807.57,11781.0,8728.0
2022-01-24,38806.65,16299.0,7031.0
2022-01-25,38426.09,8969.0,5407.0
2022-01-26,38639.83,10251.0,3358.0
2022-01-27,37081.1,8331.0,2095.0
2022-01-28,38656.39,900.0,1791.0
2022-01-31,39367.33,4094.0,7851.0
2022-02-01,39469.62,4095.0,8002.0
2022-02-02,38395.55,4396.0,8462.0
2022-02-03,37096.43,4222.0,8334.0
2022-02-04,41571.73,9595.0,7954.0
2022-02-07,45249.15,7457.0,7727.0
2022-02-08,45356.56,5873.0,7511.0
2022-02-09,45883.37,4103.0,7728.0
2022-02-10,45192.89,8449.0,7741.0
2022-02-11,43361.85,6220.0,7510.0
2022-02-14,43172.61,5402.0,7420.0
2022-02-15,45228.7,4089.0,7849.0
2022-02-16,45187.78,3894.0,7569.0
2022-02-17,41837.69,6682.0,7181.0
2022-02-18,40860.8,7267.0,6438.0
2022-02-22,38784.26,12994.0,5247.0
2022-02-23,38523.41,9503.0,3161.0
2022-02-24,39239.46,14197.0,1422.0
2022-02-25,40100.86,542.0,1326.0
2022-02-28,43058.57,9471.0,7995.0
2022-03-01,45355.03,8747.0,7934.0
2022-03-02,45032.09,6395.0,7970.0
2022-03-03,43140.59,6109.0,7629.0
2022-03-04,40541.69,5656.0,7566.0
2022-03-07,38486.16,5831.0,7461.0
2022-03-08,39475.48,5230.0,7509.0
2022-03-09,42976.55,7469.0,8204.0
2022-03-10,40628.84,5922.0,7673.0
2022-03-11,39290.95,5471.0,7613.0
2022-03-14,39808.67,4213.0,7627.0
2022-03-15,40762.11,4604.0,7793.0
2022-03-16,41951.35,8470.0,7755.0
2022-03-17,41915.47,2547.0,7817.0
2022-03-18,43155.97,5113.0,8040.0
2022-03-21,42258.91,5712.0,7046.0
2022-03-22,43458.4,10059.0,4998.0
2022-03-23,43314.87,8001.0,3538.0
2022-03-24,45073.1,11117.0,1177.0
2022-03-25,45625.68,691.0,931.0
2022-03-28,49237.52,6528.0,9304.0
2022-03-29,48971.87,4677.0,9378.0
2022-03-30,48266.87,4074.0,9346.0
2022-03-31,46729.16,5480.0,8992.0
2022-04-01,47561.87,5689.0,8911.0
2022-04-04,47086.77,5287.0,8652.0
2022-04-05,47142.96,7492.0,8670.0
2022-04-06,44726.55,7113.0,8823.0
2022-04-07,44322.97,4605.0,8298.0
2022-04-08,43643.51,5079.0,8133.0
2022-04-11,40823.52,5945.0,8247.0
2022-04-12,40144.06,5562.0,7803.0
2022-04-13,42013.84,5018.0,7791.0
2022-04-14,40690.69,3012.0,7726.0
2022-04-15,,,7726.0
2022-04-18,41584.71,5796.0,7800.0
2022-04-19,42422.54,3695.0,8144.0
2022-04-20,42131.34,3726.0,8053.0
2022-04-21,42141.56,5772.0,8282.0
2022-04-22,40312.65,4525.0,7811.0
2022-04-25,41084.06,7333.0,6700.0
2022-04-26,39050.8,10107.0,4889.0
2022-04-27,39745.58,6779.0,3066.0
2022-04-28,40787.76,8547.0,813.0
2022-04-29,39845.04,864.0,651.0
2022-05-02,40110.43,4364.0,7899.0
2022-05-03,39168.55,4864.0,8071.0
2022-05-04,41525.85,8011.0,7561.0
2022-05-05,37747.93,10002.0,7688.0
2022-05-06,37388.87,5712.0,8161.0
2022-05-09,32190.34,12896.0,8710.0
2022-05-10,32554.6,7243.0,8704.0
2022-05-11,30384.64,19281.0,9477.0
2022-05-12,29749.78,15142.0,9494.0
2022-05-13,31258.87,6899.0,9086.0
2022-05-16,30707.27,6177.0,8997.0
2022-05-17,31222.44,7459.0,9032.0
2022-05-18,30374.23,7228.0,9597.0
2022-05-19,31165.2,8809.0,8889.0
2022-05-20,30452.29,9098.0,8788.0
2022-05-23,30197.3,11285.0,7471.0
2022-05-24,30499.12,11237.0,5498.0
2022-05-25,30738.49,9662.0,3399.0
2022-05-26,30509.53,12168.0,893.0
2022-05-27,30225.64,688.0,778.0
2022-05-31,33199.43,14873.0,9145.0
2022-06-01,31505.37,7625.0,9531.0
2022-06-02,31772.85,6669.0,9356.0
2022-06-03,30980.89,6335.0,9462.0
2022-06-06,33031.6,9293.0,9356.0
2022-06-07,32564.81,11270.0,8850.0
2022-06-08,31552.57,7937.0,8824.0
2022-06-09,31410.96,4174.0,9014.0
2022-06-10,30335.78,8031.0,9192.0
2022-06-13,24241.35,18646.0,9286.0
2022-06-14,23208.13,16480.0,9021.0
2022-06-15,22683.66,19873.0,8728.0
2022-06-16,21807.78,9773.0,8889.0
2022-06-17,21472.11,8720.0,8447.0
2022-06-21,21881.21,18029.0,6403.0
2022-06-22,21089.24,13382.0,3634.0
2022-06-23,21923.16,10083.0,1751.0
2022-06-24,22245.09,1449.0,1501.0
2022-06-27,21768.89,5894.0,9685.0
2022-06-28,21114.78,5868.0,9936.0
2022-06-29,21125.25,6703.0,9846.0
2022-06-30,19633.87,10284.0,10230.0
2022-07-01,20214.72,10646.0,9583.0
2022-07-05,21339.8,15041.0,9359.0
2022-07-06,21219.44,5808.0,9604.0
2022-07-07,22873.04,8758.0,9802.0
2022-07-08,22778.84,9678.0,9452.0
2022-07-11,21407.82,7657.0,8967.0
2022-07-12,20214.72,7721.0,9475.0
2022-07-13,20528.69,12021.0,9479.0
2022-07-14,21585.74,10781.0,9611.0
2022-07-15,22177.06,6272.0,9615.0
2022-07-18,22627.09,10033.0,9251.0
2022-07-19,24552.8,11774.0,10199.0
2022-07-20,24798.75,10139.0,9740.0
2022-07-21,24312.09,7350.0,9390.0
2022-07-22,23668.44,6639.0,9087.0
2022-07-25,22904.43,10395.0,7484.0
2022-07-26,21889.25,11713.0,5446.0
2022-07-27,23841.12,13017.0,3475.0
2022-07-28,24913.87,11797.0,941.0
2022-07-29,25204.24,688.0,821.0
2022-08-01,24195.65,5781.0,9209.0
2022-08-02,24164.14,5487.0,9484.0
2022-08-03,24731.47,6020.0,9878.0
2022-08-04,23591.55,7914.0,9316.0
2022-08-05,24122.11,8818.0,9202.0
2022-08-08,25198.99,7581.0,9799.0
2022-08-09,24227.17,8218.0,9026.0
2022-08-10,24852.29,9528.0,9274.0
2022-08-11,25472.15,9242.0,9252.0
2022-08-12,25466.9,4938.0,8949.0
2022-08-15,25214.75,7443.0,8858.0
2022-08-16,25156.97,5100.0,8832.0
2022-08-17,24405.78,8565.0,9383.0
2022-08-18,24516.09,3984.0,9156.0
2022-08-19,22304.55,11296.0,9707.0
2022-08-22,22026.14,7314.0,8798.0
2022-08-23,22577.71,8565.0,6615.0
2022-08-24,22808.84,9887.0,3694.0
2022-08-25,22656.5,7808.0,1529.0
2022-08-26,22501.95,909.0,1251.0
2022-08-29,22000.56,7992.0,10770.0
2022-08-30,21785.68,7230.0,11576.0
2022-08-31,22110.75,7256.0,11139.0
2022-09-01,21703.03,7103.0,11552.0
2022-09-02,21791.19,9765.0,11047.0
2022-09-06,20534.96,15290.0,12520.0
2022-09-07,20854.52,6749.0,11600.0
2022-09-08,21223.68,7811.0,11293.0
2022-09-09,23521.26,16199.0,10637.0
2022-09-12,24744.43,8764.0,10349.0
2022-09-13,22303.6,15358.0,10225.0
2022-09-14,21956.48,7625.0,10110.0
2022-09-15,21741.6,7042.0,10747.0
2022-09-16,21570.8,6561.0,11014.0
2022-09-19,21466.11,12241.0,10656.0
2022-09-20,20882.07,8868.0,10796.0
2022-09-21,20915.13,15361.0,10412.0
2022-09-22,21262.25,9042.0,10593.0
2022-09-23,20656.17,9164.0,10837.0
2022-09-26,21135.52,11533.0,8165.0
2022-09-27,20986.76,18567.0,6210.0
2022-09-28,21559.78,14508.0,4080.0
2022-09-29,21383.46,10690.0,1314.0
2022-09-30,21707.0,418.0,1172.0
2022-10-03,21818.74,12200.0,11435.0
2022-10-04,22668.03,11729.0,11853.0
2022-10-05,22505.99,9665.0,11560.0
2022-10-06,22377.48,9200.0,11351.0
2022-10-07,21690.24,11120.0,12148.0
2022-10-10,21371.75,7446.0,12604.0
2022-10-11,21120.32,9226.0,13143.0
2022-10-12,21338.23,5182.0,12609.0
2022-10-13,21634.36,23505.0,11751.0
2022-10-14,21354.99,14027.0,11461.0
2022-10-17,21807.57,7538.0,10812.0
2022-10-18,21433.22,8664.0,11322.0
2022-10-19,21455.56,5612.0,11225.0
2022-10-20,21265.59,9380.0,11350.0
2022-10-21,21449.98,10597.0,10279.0
2022-10-24,21612.01,11740.0,8594.0
2022-10-25,22690.38,18642.0,7141.0
2022-10-26,23221.18,16618.0,4673.0
2022-10-27,23047.97,10277.0,1319.0
2022-10-28,22884.19,777.0,1152.0
2022-10-31,22552.22,7208.0,9425.0
2022-11-01,22662.88,4663.0,9478.0
2022-11-02,22424.96,9266.0,9561.0
2022-11-03,22447.09,7002.0,9474.0
2022-11-04,23409.82,16426.0,10720.0
2022-11-07,23066.78,6250.0,9991.0
2022-11-08,20007.07,44896.0,11210.0
2022-11-09,17279.34,29101.0,15071.0
2022-11-10,19675.09,18015.0,14065.0
2022-11-11,17760.7,12252.0,14882.0
2022-11-14,17710.9,7191.0,14117.0
2022-11-15,18468.92,7408.0,13626.0
2022-11-16,18020.75,7008.0,14341.0
2022-11-17,18280.8,5977.0,13736.0
2022-11-18,18291.86,6052.0,12956.0
2022-11-21,17362.33,12988.0,10632.0
2022-11-22,17766.23,12763.0,6144.0
2022-11-23,18380.39,9969.0,2017.0
2022-11-25,18272.26,1626.0,1426.0
2022-11-28,17924.75,6804.0,14125.0
2022-11-29,18233.03,4649.0,14311.0
2022-11-30,19146.64,8018.0,13855.0
2022-12-01,18855.18,6039.0,13476.0
2022-12-02,19051.36,3869.0,13273.0
2022-12-05,18860.79,6335.0,13219.0
2022-12-06,18995.31,3720.0,13023.0
2022-12-07,18748.69,3966.0,13044.0
2022-12-08,19264.35,7120.0,11844.0
2022-12-09,19096.2,4444.0,11533.0
2022-12-12,19185.88,4191.0,11336.0
2022-12-13,19892.11,9178.0,11043.0
2022-12-14,19948.16,7805.0,11079.0
2022-12-15,19499.76,5851.0,11363.0
2022-12-16,18804.74,7266.0,11623.0
2022-12-19,18490.86,4393.0,11417.0
2022-12-20,18877.6,5601.0,11194.0
2022-12-21,18759.9,2295.0,10905.0
2022-12-22,18759.9,5529.0,10890.0
2022-12-23,18810.34,5712.0,8959.0
2022-12-27,18602.96,7685.0,7140.0
2022-12-28,18574.93,9933.0,4363.0
2022-12-29,18591.75,6599.0,1681.0
2022-12-30,18494.31,500.0,1593.0
2023-01-03,18583.79,4086.0,12112.0
2023-01-04,18768.34,7387.0,11238.0
2023-01-05,18835.45,3408.0,11206.0
2023-01-06,18896.97,6144.0,11244.0
2023-01-09,19266.07,7471.0,11394.0
2023-01-10,19612.81,5068.0,12204.0
2023-01-11,19702.29,4674.0,12160.0
2023-01-12,21424.77,14036.0,13004.0
2023-01-13,21866.57,7033.0,12940.0
2023-01-17,24030.86,12709.0,12535.0
2023-01-18,23264.69,13106.0,12447.0
2023-01-19,23712.09,5319.0,12755.0
2023-01-20,25043.1,9472.0,12768.0
2023-01-23,25826.04,10731.0,10609.0
2023-01-24,25798.08,7975.0,9129.0
2023-01-25,25658.27,10974.0,5874.0
2023-01-26,25809.27,11146.0,2112.0
2023-01-27,25784.36,1503.0,1744.0
2023-01-30,25237.05,5865.0,14109.0
2023-01-31,25706.96,3489.0,14345.0
2023-02-01,26265.33,5605.0,14525.0
2023-02-02,26541.75,7693.0,14067.0
2023-02-03,25966.8,6471.0,13628.0
2023-02-06,25552.17,4857.0,13449.0
2023-02-07,25762.25,5725.0,13363.0
2023-02-08,25303.39,5590.0,12764.0
2023-02-09,24335.92,10270.0,12450.0
2023-02-10,24076.09,6154.0,12138.0
2023-02-13,24004.22,7442.0,11484.0
2023-02-14,24695.27,8590.0,11712.0
2023-02-15,26812.64,10953.0,12479.0
2023-02-16,27243.85,16546.0,12370.0
2023-02-17,27498.16,12414.0,11212.0
2023-02-21,27078.0,19029.0,8343.0
2023-02-22,26315.08,13563.0,4807.0
2023-02-23,26447.76,11773.0,1402.0
2023-02-24,26067.47,1303.0,1058.0
2023-02-27,26179.13,6664.0,11886.0
2023-02-28,26140.05,4903.0,12311.0
2023-03-01,26274.04,6343.0,11993.0
2023-03-02,26341.04,4721.0,11669.0
2023-03-03,24922.93,12038.0,10306.0
2023-03-06,25001.1,4800.0,9854.0
2023-03-07,24643.78,6742.0,9883.0
2023-03-08,24694.03,6280.0,9857.0
2023-03-09,22404.96,14035.0,10888.0
2023-03-10,22293.3,13496.0,10539.0
2023-03-13,27251.08,28142.0,9998.0
2023-03-14,28183.46,16272.0,10136.0
2023-03-15,27346.0,13885.0,9699.0
2023-03-16,28015.97,6503.0,9551.0
2023-03-17,30148.71,12866.0,9773.0
2023-03-20,31203.91,9810.0,9879.0
2023-03-21,31611.48,6288.0,10368.0
2023-03-22,29925.38,10975.0,10220.0
2023-03-23,31879.47,11418.0,10368.0
2023-03-24,31170.41,5845.0,10246.0
2023-03-27,30126.38,11152.0,8454.0
2023-03-28,30656.77,9898.0,6152.0
2023-03-29,31756.64,9845.0,4010.0
2023-03-30,31226.25,9730.0,1999.0
2023-03-31,31797.4,865.0,1797.0
2023-04-03,31271.87,7861.0,10802.0
2023-04-04,31393.57,6996.0,10588.0
2023-04-05,31404.63,8243.0,10341.0
2023-04-06,31133.57,5239.0,10518.0
2023-04-07,31028.46,1295.0,10475.0
2023-04-10,32549.74,9746.0,12298.0
2023-04-11,33551.01,8509.0,12423.0
2023-04-12,33108.46,5859.0,11945.0
2023-04-13,33777.82,5866.0,12243.0
2023-04-14,33711.44,7294.0,11710.0
2023-04-17,32693.57,6895.0,11340.0
2023-04-18,33551.01,5579.0,11816.0
2023-04-19,32378.25,7617.0,11263.0
2023-04-20,31083.78,7611.0,10639.0
2023-04-21,30215.27,6273.0,10295.0
2023-04-24,30314.85,7463.0,8866.0
2023-04-25,30541.65,7926.0,6727.0
2023-04-26,30868.04,14869.0,3770.0
2023-04-27,32848.46,11291.0,1468.0
2023-04-28,32281.4,854.0,1118.0
2023-05-01,30572.87,8811.0,9698.0
2023-05-02,31596.9,7112.0,9622.0
2023-05-03,31120.48,6486.0,9521.0
2023-05-04,31777.61,6574.0,9623.0
2023-05-05,32599.02,8255.0,10349.0
2023-05-08,29970.51,11968.0,10128.0
2023-05-09,30414.07,4968.0,10195.0
2023-05-10,30419.54,11878.0,10291.0
2023-05-11,29400.99,7435.0,10568.0
2023-05-12,29006.72,7783.0,10427.0
2023-05-15,30090.98,5914.0,10074.0
2023-05-16,29532.42,4243.0,9942.0
2023-05-17,30041.69,6683.0,9905.0
2023-05-18,29329.81,7836.0,10054.0
2023-05-19,29444.8,5175.0,9366.0
2023-05-22,29422.9,7447.0,7882.0
2023-05-23,29789.8,9455.0,5912.0
2023-05-24,28721.96,13562.0,5438.0
2023-05-25,28990.29,11838.0,1775.0
2023-05-26,29297.97,624.0,1487.0
2023-05-30,30555.23,10217.0,9000.0
2023-05-31,29472.13,9363.0,9508.0
2023-06-01,29308.85,5116.0,9507.0
2023-06-02,29809.58,7219.0,9277.0
2023-06-05,27910.08,14010.0,10834.0
2023-06-06,29678.96,14581.0,10023.0
2023-06-07,28965.96,7113.0,10104.0
2023-06-08,29009.51,4011.0,10369.0
2023-06-09,28819.01,4376.0,10184.0
2023-06-12,28182.22,5095.0,10121.0
2023-06-13,28225.76,5185.0,10079.0
2023-06-14,28193.1,5866.0,9902.0
2023-06-15,27725.03,10605.0,10199.0
2023-06-16,28786.36,10238.0,9968.0
2023-06-20,30674.97,17218.0,11813.0
2023-06-21,32939.12,18504.0,12215.0
2023-06-22,33058.86,10153.0,12894.0
2023-06-23,33875.27,12562.0,13418.0
2023-06-26,32998.99,9077.0,11080.0
2023-06-27,33423.52,10865.0,8406.0
2023-06-28,32775.84,11519.0,5138.0
2023-06-29,33254.8,11871.0,2479.0
2023-06-30,32795.99,1032.0,2398.0
2023-07-03,33886.34,6603.0,13490.0
2023-07-05,32790.65,9567.0,12675.0
2023-07-06,32614.27,11172.0,12130.0
2023-07-07,32464.61,6541.0,12259.0
2023-07-10,33196.86,5866.0,12736.0
2023-07-11,32876.16,6161.0,12311.0
2023-07-12,32491.34,10377.0,11909.0
2023-07-13,34126.86,14992.0,14006.0
2023-07-14,32320.3,11611.0,11929.0
2023-07-17,32058.4,6236.0,10971.0
2023-07-18,31839.26,5773.0,10461.0
2023-07-19,32181.33,5138.0,10060.0
2023-07-20,31817.88,9406.0,9792.0
2023-07-21,31946.16,5304.0,9321.0
2023-07-24,31112.36,13190.0,8044.0
2023-07-25,31192.54,8133.0,5714.0
2023-07-26,31422.37,8174.0,3463.0
2023-07-27,31123.05,8850.0,1157.0
2023-07-28,31424.59,871.0,936.0
2023-07-31,31158.59,5498.0,10874.0
2023-08-01,31323.51,10567.0,10774.0
2023-08-02,31153.27,10812.0,10681.0
2023-08-03,31291.59,4673.0,10811.0
2023-08-04,30951.12,5362.0,10634.0
2023-08-07,31126.68,6493.0,10389.0
2023-08-08,31999.14,10861.0,12165.0
2023-08-09,31397.99,7172.0,11018.0
2023-08-10,31382.03,4119.0,10772.0
2023-08-11,31350.11,4910.0,10528.0
2023-08-14,31275.63,7834.0,10907.0
2023-08-15,31094.76,4356.0,10656.0
2023-08-16,30993.68,5150.0,10150.0
2023-08-17,29631.79,14274.0,11396.0
2023-08-18,27684.71,11658.0,11094.0
2023-08-21,27732.59,7374.0,9655.0
2023-08-22,27376.15,7666.0,7599.0
2023-08-23,28344.37,12134.0,3438.0
2023-08-24,27658.11,8638.0,1558.0
2023-08-25,27667.0,845.0,1150.0
2023-08-28,27677.61,3315.0,10465.0
2023-08-29,29714.45,19905.0,11744.0
2023-08-30,28918.81,7293.0,11123.0
2023-08-31,27836.74,10310.0,10847.0
2023-09-01,27263.88,6918.0,10617.0
2023-09-05,27301.01,4758.0,10524.0
2023-09-06,27269.18,5237.0,10688.0
2023-09-07,27560.92,3776.0,10835.0
2023-09-08,27587.44,6232.0,10882.0
2023-09-11,26553.11,8627.0,10866.0
2023-09-12,27714.74,11268.0,10920.0
2023-09-13,27799.61,5247.0,10859.0
2023-09-14,28393.69,5968.0,11584.0
2023-09-15,28086.04,3990.0,11124.0
2023-09-18,28520.99,10480.0,11475.0
2023-09-19,28929.42,8349.0,11752.0
2023-09-20,28632.38,5569.0,11083.0
2023-09-21,28255.77,6747.0,10292.0
2023-09-22,28160.3,3757.0,10208.0
2023-09-25,27958.74,9696.0,8578.0
2023-09-26,27842.04,8234.0,5892.0
2023-09-27,27847.35,12318.0,3170.0
2023-09-28,28770.29,10622.0,858.0
2023-09-29,28504.75,796.0,621.0
2023-10-02,29609.17,16751.0,12513.0
2023-10-03,28804.52,8348.0,11272.0
2023-10-04,29214.73,5558.0,11194.0
2023-10-05,29035.92,10419.0,11661.0
2023-10-06,29603.91,9349.0,12747.0
2023-10-09,29172.66,7430.0,11525.0
2023-10-10,28914.96,6128.0,11212.0
2023-10-11,28189.2,10160.0,10620.0
2023-10-12,28141.86,4426.0,10715.0
2023-10-13,28231.27,4859.0,10572.0
2023-10-16,30056.2,26787.0,11830.0
2023-10-17,30103.54,6603.0,12327.0
2023-10-18,29787.99,4733.0,12043.0
2023-10-19,30398.05,7780.0,12820.0
2023-10-20,31223.74,10080.0,13520.0
2023-10-23,33117.04,15576.0,11968.0
2023-10-24,35599.38,26556.0,7920.0
2023-10-25,36645.95,13542.0,4952.0
2023-10-26,35830.78,11713.0,1344.0
2023-10-27,35741.43,929.0,1080.0
2023-10-30,36594.04,6449.0,15894.0
2023-10-31,36741.41,5971.0,16281.0
2023-11-01,36804.57,9752.0,16746.0
2023-11-02,37157.19,10328.0,16144.0
2023-11-03,36636.15,6829.0,16095.0
2023-11-06,37178.24,5080.0,16402.0
2023-11-07,38046.65,8038.0,17075.0
2023-11-08,37783.49,7862.0,16881.0
2023-11-09,38741.37,16525.0,15973.0
2023-11-10,39530.83,8283.0,16625.0
2023-11-13,38857.16,6819.0,15798.0
2023-11-14,37225.61,10502.0,14778.0
2023-11-15,39809.77,12335.0,15795.0
2023-11-16,37936.12,11861.0,13992.0
2023-11-17,38488.74,10400.0,12139.0
2023-11-20,39593.99,15555.0,8839.0
2023-11-21,38862.42,17841.0,4846.0
2023-11-22,39636.09,11869.0,2070.0
2023-11-24,40128.54,2671.0,1579.0
2023-11-27,38708.57,8695.0,15774.0
2023-11-28,40451.03,12491.0,18231.0
2023-11-29,39598.0,9088.0,16757.0
2023-11-30,39728.04,6891.0,16550.0
2023-12-01,40804.72,11744.0,18040.0
2023-12-04,43982.76,13276.0,17809.0
2023-12-05,46073.71,10616.0,17321.0
2023-12-06,45995.69,9164.0,16656.0
2023-12-07,45459.95,7768.0,17215.0
2023-12-08,46718.68,7011.0,17274.0
2023-12-11,42687.62,14410.0,15162.0
2023-12-12,43124.53,6933.0,14692.0
2023-12-13,44950.21,7734.0,15483.0
2023-12-14,44877.39,8287.0,14747.0
2023-12-15,44149.2,6434.0,14038.0
2023-12-18,43800.71,6931.0,14265.0
2023-12-19,44065.98,9272.0,14639.0
2023-12-20,45387.13,10587.0,13654.0
2023-12-21,45626.39,8472.0,11869.0
2023-12-22,45527.56,9107.0,9398.0
2023-12-26,43847.52,11155.0,6273.0
2023-12-27,45319.51,9099.0,3562.0
2023-12-28,44227.22,6585.0,1642.0
2023-12-29,44398.6,548.0,1532.0
2024-01-02,47371.74,19344.0,16638.0
2024-01-03,45020.4,14998.0,15907.0
2024-01-04,46640.21,8081.0,16368.0
2024-01-05,46384.18,6448.0,16233.0
2024-01-08,49435.7,13422.0,17896.0
2024-01-09,49163.99,13488.0,17218.0
2024-01-10,48411.56,18562.0,17073.0
2024-01-11,48437.68,26661.0,16623.0
2024-01-12,45657.87,19477.0,14416.0
2024-01-16,45245.08,14369.0,13761.0
2024-01-17,44738.23,7598.0,13091.0
2024-01-18,42721.3,13037.0,12511.0
2024-01-19,43458.06,11085.0,11754.0
2024-01-22,41989.77,13318.0,9935.0
2024-01-23,41002.21,12701.0,7372.0
2024-01-24,41488.15,11877.0,4501.0
2024-01-25,41540.41,7377.0,2220.0
2024-01-26,43188.64,1670.0,2006.0
2024-01-29,44350.11,7389.0,13599.0
2024-01-30,44716.9,7256.0,13721.0
2024-01-31,43621.64,7804.0,13441.0
2024-02-01,44090.31,6568.0,13368.0
2024-02-02,43998.61,4777.0,13242.0
2024-02-05,43356.74,6737.0,12762.0
2024-02-06,44120.87,4921.0,13447.0
2024-02-07,45246.69,7443.0,14339.0
2024-02-08,46611.94,8758.0,15032.0
2024-02-09,48670.0,11047.0,15510.0
2024-02-12,51415.77,9063.0,15702.0
2024-02-13,50575.23,9230.0,15333.0
2024-02-14,52969.5,10316.0,15478.0
2024-02-15,52933.84,9406.0,14453.0
2024-02-16,53005.16,8909.0,13275.0
2024-02-20,53071.39,16703.0,8475.0
2024-02-21,51915.0,12760.0,4695.0
2024-02-22,53020.44,9292.0,1628.0
2024-02-23,51918.07,989.0,1338.0
2024-02-26,55469.57,11813.0,18887.0
2024-02-27,57807.13,13225.0,18264.0
2024-02-28,61067.69,24495.0,17024.0
2024-02-29,62963.83,18024.0,17647.0
2024-03-01,64032.29,10098.0,18400.0
2024-03-04,68702.4,14722.0,19073.0
2024-03-05,62627.74,24388.0,18046.0
2024-03-06,67980.07,13346.0,17816.0
2024-03-07,68587.03,8061.0,17531.0
2024-03-08,70031.71,11249.0,17400.0
2024-03-11,72895.98,12897.0,18058.0
2024-03-12,72033.19,13572.0,17609.0
2024-03-13,74155.05,7789.0,17371.0
2024-03-14,69826.04,12636.0,17408.0
2024-03-15,69389.63,15859.0,16819.0
2024-03-18,67398.18,8669.0,16696.0
2024-03-19,64804.79,13848.0,16371.0
2024-03-20,66204.32,13914.0,15742.0
2024-03-21,65627.45,12956.0,13382.0
2024-03-22,64182.77,11341.0,11354.0
2024-03-25,71361.01,17480.0,8565.0
2024-03-26,69665.52,13919.0,4972.0
2024-03-27,68857.91,10711.0,2846.0
2024-03-28,71527.72,1725.0,2357.0
2024-04-01,70377.76,8077.0,17965.0
2024-04-02,66547.88,10550.0,17551.0
2024-04-03,66302.89,6321.0,17245.0
2024-04-04,68837.81,9226.0,16942.0
2024-04-05,67752.84,7986.0,16273.0
2024-04-08,72107.7,10264.0,16485.0
2024-04-09,69352.79,9476.0,16241.0
2024-04-10,70407.76,10230.0,16450.0
2024-04-11,70797.74,7179.0,16543.0
2024-04-12,67167.86,14415.0,16066.0
2024-04-15,63557.97,15198.0,15192.0
2024-04-16,62917.99,9645.0,14832.0
2024-04-17,61128.05,15392.0,13372.0
2024-04-18,63657.97,12012.0,12987.0
2024-04-19,64352.95,12735.0,11548.0
2024-04-22,66607.88,10176.0,9360.0
2024-04-23,66432.88,9402.0,6478.0
2024-04-24,63877.96,12369.0,4332.0
2024-04-25,64697.94,9830.0,2146.0
2024-04-26,64300.0,710.0,1902.0
2024-04-29,63450.0,6714.0,14744.0
2024-04-30,59400.0,12130.0,14683.0
2024-05-01,57355.0,12640.0,14442.0
2024-05-02,59765.0,7940.0,14928.0
2024-05-03,62590.0,8896.0,15546.0
2024-05-06,63585.0,6195.0,15369.0
2024-05-07,63365.0,3917.0,15379.0
2024-05-08,62460.0,4441.0,15230.0
2024-05-09,61395.0,800.0,
